{
  "$schema": "./node_modules/@angular/cli/lib/config/schema.json",
  "version": 1,
  "newProjectRoot": "projects",
  "projects": {
    "tenis-out": {
      "root": "",
      "sourceRoot": "src",
      "projectType": "application",
      "prefix": "app",
      "schematics": {
        "@schematics/angular:component": {
          "style": "scss"
        }
      },
      "architect": {
        "build": {
          "builder": "@angular-devkit/build-angular:browser",
          "options": {
            "outputPath": "dist/tenis-out",
            "index": "src/index.html",
            "main": "src/main.ts",
            "polyfills": "src/polyfills.ts",
            "tsConfig": "src/tsconfig.app.json",
            "assets": [
              "src/favicon.ico",
              "src/assets"
            ],
            "styles": [                            
              "src/styles.scss",
              "node_modules/bootstrap/dist/css/bootstrap.min.css"
            ],
            "scripts": [
				 "node_modules/jquery/dist/jquery.js",
				 "node_modules/popper.js/dist/popper.js",
				 "node_modules/bootstrap/dist/js/bootstrap.js"
			],
            "es5BrowserSupport": true
          },
          "configurations": {
            "production": {
              "fileReplacements": [
                {
                  "replace": "src/environments/environment.ts",
                  "with": "src/environments/environment.prod.ts"
                }
              ],
              "optimization": true,
              "outputHashing": "all",
              "sourceMap": false,
              "extractCss": true,
              "namedChunks": false,
              "aot": true,
              "extractLicenses": true,
              "vendorChunk": false,
              "buildOptimizer": true,
              "budgets": [
                {
                  "type": "initial",
                  "maximumWarning": "2mb",
                  "maximumError": "5mb"
                }
              ]
            }
          }
        },
        "serve": {
          "builder": "@angular-devkit/build-angular:dev-server",
          "options": {
            "browserTarget": "tenis-out:build"
          },
          "configurations": {
            "production": {
              "browserTarget": "tenis-out:build:production"
            }
          }
        },
        "extract-i18n": {
          "builder": "@angular-devkit/build-angular:extract-i18n",
          "options": {
            "browserTarget": "tenis-out:build"
          }
        },
        "test": {
          "builder": "@angular-devkit/build-angular:karma",
          "options": {
            "main": "src/test.ts",
            "polyfills": "src/polyfills.ts",
            "tsConfig": "src/tsconfig.spec.json",
            "karmaConfig": "src/karma.conf.js",
            "styles": [
              "src/styles.scss",
              "node_modules/bootstrap/dist/css/bootstrap.min.css"
            ],
            "scripts": [
				 "node_modules/jquery/dist/jquery.js",
				 "node_modules/popper.js/dist/popper.js",
				 "node_modules/bootstrap/dist/js/bootstrap.js"
			],
            "assets": [
              "src/favicon.ico",
              "src/assets"
            ]
          }
        },
        "lint": {
          "builder": "@angular-devkit/build-angular:tslint",
          "options": {
            "tsConfig": [
              "src/tsconfig.app.json",
              "src/tsconfig.spec.json"
            ],
            "exclude": [
              "**/node_modules/**"
            ]
          }
        }
      }
    },
    "tenis-out-e2e": {
      "root": "e2e/",
      "projectType": "application",
      "prefix": "",
      "architect": {
        "e2e": {
          "builder": "@angular-devkit/build-angular:protractor",
          "options": {
            "protractorConfig": "e2e/protractor.conf.js",
            "devServerTarget": "tenis-out:serve"
          },
          "configurations": {
            "production": {
              "devServerTarget": "tenis-out:serve:production"
            }
          }
        },
        "lint": {
          "builder": "@angular-devkit/build-angular:tslint",
          "options": {
            "tsConfig": "e2e/tsconfig.e2e.json",
            "exclude": [
              "**/node_modules/**"
            ]
          }
        }
      }
    }
  },
  "defaultProject": "tenis-out"
}